fpl_id,full_name,position,latest_team,2022/23,2023/24,min_2022/23,min_2023/24,proj_pts,rep_dyn,vorp_dyn,rec_bid_dyn,tier_dyn,aav
5,Gabriel dos Santos Magalhães,DEF,Arsenal,146.0,149.0,3409.0,3042.0,135.01557929617667,41.153560443997264,93.8620188521794,19.68,1,
6,William Saliba,DEF,Arsenal,117.0,164.0,2415.0,3420.0,133.03446098132184,41.153560443997264,91.88090053732458,19.26,1,
11,Benjamin White,DEF,Arsenal,156.0,182.0,3054.0,2987.0,126.5496507913472,41.153560443997264,85.39609034734994,17.9,1,
474,Fabian Schär,DEF,Newcastle,139.0,123.0,3207.0,3055.0,117.54147382993042,41.153560443997264,76.38791338593316,16.01,1,
373,Virgil van Dijk,DEF,Liverpool,127.0,117.0,2835.0,3177.0,111.3536077313802,41.153560443997264,70.20004728738293,14.72,1,
291,James Tarkowski,DEF,Everton,106.0,117.0,3420.0,3420.0,108.87750457008269,41.153560443997264,67.72394412608543,14.2,1,
258,Tyrick Mitchell,DEF,Crystal Palace,93.0,119.0,2889.0,3204.0,104.58835668158062,41.153560443997264,63.434796237583356,13.3,1,
317,Joachim Andersen,DEF,Fulham,80.0,121.0,2782.0,3416.0,104.3932950592573,41.153560443997264,63.23973461526003,13.26,1,
478,Kieran Trippier,DEF,Newcastle,198.0,111.0,3342.0,2235.0,102.19116325512772,41.153560443997264,61.037602811130455,12.79,1,
440,Diogo Dalot Teixeira,DEF,Man Utd,102.0,111.0,2152.0,3174.0,99.75331936471677,41.153560443997264,58.59975892071951,12.28,1,
316,Antonee Robinson,DEF,Fulham,93.0,104.0,3088.0,3266.0,98.50374495436304,41.153560443997264,57.35018451036578,12.02,1,
319,Timothy Castagne,DEF,Fulham,114.0,105.0,3255.0,2630.0,97.1915136194703,41.153560443997264,56.037953175473035,11.75,1,
476,Dan Burn,DEF,Newcastle,129.0,97.0,3109.0,2725.0,95.93716193202698,41.153560443997264,54.78360148802972,11.48,1,
568,Pedro Porro Sauceda,DEF,Spurs,59.0,136.0,1132.0,3090.0,95.20955371982232,41.153560443997264,54.05599327582506,11.33,1,
38,Ezri Konsa Ngoyo,DEF,Aston Villa,110.0,91.0,3322.0,3069.0,94.07739811634846,41.153560443997264,52.9238376723512,11.09,1,
605,Maximilian Kilman,DEF,West Ham,109.0,82.0,3307.0,3420.0,90.7663218524191,41.153560443997264,49.61276140842183,10.4,1,
146,Lewis Dunk,DEF,Brighton,112.0,89.0,3240.0,2869.0,90.57053979596265,41.153560443997264,49.41697935196538,10.36,1,
187,Kyle Walker,DEF,Burnley,69.0,123.0,1953.0,2766.0,88.80605509692424,41.153560443997264,47.652494652926976,9.99,1,
404,Manuel Akanji,DEF,Man City,82.0,112.0,2284.0,2512.0,85.64074923731027,41.153560443997264,44.48718879331301,9.33,1,
569,Cristian Romero,DEF,Spurs,66.0,107.0,2363.0,2790.0,83.60140992565054,41.153560443997264,42.44784948165328,8.9,1,
292,Vitalii Mykolenko,DEF,Everton,75.0,101.0,2653.0,2469.0,81.17283159439982,41.153560443997264,40.01927115040256,8.39,1,
111,Ethan Pinnock,DEF,Brentford,112.0,77.0,2700.0,2521.0,77.45206197117821,41.153560443997264,36.298501527180946,7.61,1,
72,Marcos Senesi Barón,DEF,Bournemouth,69.0,102.0,2489.0,2239.0,76.9430991909654,41.153560443997264,35.789538746968134,7.5,1,
408,Rúben dos Santos Gato Alves Dias,DEF,Man City,80.0,88.0,1997.0,2557.0,73.64072631197347,41.153560443997264,32.4871658679762,6.81,1,
405,Nathan Aké,DEF,Man City,92.0,99.0,1871.0,2039.0,72.93905955180922,41.153560443997264,31.785499107811958,6.66,1,
73,Adam Smith,DEF,Bournemouth,74.0,80.0,2940.0,2148.0,69.65463099087579,41.153560443997264,28.501070546878523,5.97,1,
372,Andrew Robertson,DEF,Liverpool,121.0,76.0,2579.0,1689.0,68.0890250143009,41.153560443997264,26.935464570303637,5.65,1,
260,Marc Guéhi,DEF,Crystal Palace,95.0,66.0,3330.0,2020.0,67.1001016064936,41.153560443997264,25.94654116249633,5.44,1,
604,Emerson Palmieri dos Santos,DEF,West Ham,39.0,82.0,1317.0,3138.0,66.35934021204962,41.153560443997264,25.205779768052352,5.28,1,
12,Oleksandr Zinchenko,DEF,Arsenal,99.0,104.0,2122.0,1717.0,66.25922712331985,41.153560443997264,25.10566667932258,5.26,1,
106,Nathan Collins,DEF,Brentford,49.0,84.0,1811.0,2649.0,64.8017605848335,41.153560443997264,23.648200140836238,4.96,2,
637,Toti Gomes,DEF,Wolves,43.0,82.0,978.0,2771.0,64.06877037579072,41.153560443997264,22.915209931793456,4.8,2,
37,Lucas Digne,DEF,Aston Villa,50.0,85.0,1492.0,2405.0,61.486387216580304,41.153560443997264,20.33282677258304,4.26,2,
475,Sven Botman,DEF,Newcastle,129.0,51.0,3127.0,1375.0,57.381331134240014,41.153560443997264,16.22777069024275,3.4,2,
71,Illia Zabarnyi,DEF,Bournemouth,7.0,84.0,297.0,3330.0,57.29418882488846,41.153560443997264,16.140628380891194,3.38,2,
147,Pervis Estupiñán Tenorio,DEF,Brighton,128.0,57.0,2674.0,1242.0,56.42270826522638,41.153560443997264,15.269147821229119,3.2,2,
402,Rayan Aït-Nouri,DEF,Man City,41.0,77.0,1067.0,2327.0,54.57062533014066,41.153560443997264,13.417064886143393,2.81,2,
290,Jarrad Branthwaite,DEF,Everton,0.0,124.0,0.0,3116.0,54.37238416641415,41.153560443997264,13.218823722416886,2.77,2,
376,Joe Gomez,DEF,Liverpool,68.0,76.0,1461.0,1772.0,53.655786745434334,41.153560443997264,12.50222630143707,2.62,2,
36,Matty Cash,DEF,Aston Villa,57.0,64.0,1817.0,2138.0,52.698078318751136,41.153560443997264,11.544517874753872,2.42,2,
112,Mads Roerslev Rasmussen,DEF,Brentford,48.0,75.0,1101.0,1975.0,50.85422740290665,41.153560443997264,9.700666958909387,2.03,2,
232,Tosin Adarabioyo,DEF,Chelsea,49.0,66.0,2084.0,1616.0,48.871241283283986,41.153560443997264,7.7176808392867216,1.62,2,
152,Joël Veltman,DEF,Brighton,95.0,49.0,2183.0,1579.0,48.14528723689511,41.153560443997264,6.991726792897843,1.47,2,
403,Joško Gvardiol,DEF,Man City,,123.0,,2327.0,45.040883510403546,41.153560443997264,3.8873230664062817,0.81,2,
227,Levi Samuels Colwill,DEF,Chelsea,46.0,65.0,1218.0,1794.0,44.906576055180324,41.153560443997264,3.7530156111830593,0.79,2,
610,Aaron Wan-Bissaka,DEF,West Ham,67.0,47.0,1432.0,1778.0,43.05876239940908,41.153560443997264,1.905201955411819,0.4,2,
442,Harry Maguire,DEF,Man Utd,39.0,73.0,762.0,1650.0,42.97524751850165,41.153560443997264,1.821687074504382,0.38,2,
409,John Stones,DEF,Man City,93.0,53.0,1844.0,1061.0,42.73807586643655,41.153560443997264,1.5845154224392886,0.33,2,
224,Marc Cucurella Saseta,DEF,Chelsea,65.0,44.0,1669.0,1783.0,41.97227210275383,41.153560443997264,0.8187116587565626,0.17,2,
108,Kristoffer Ajer,DEF,Brentford,29.0,68.0,763.0,1826.0,41.421592125222936,41.153560443997264,0.268031681225672,0.06,2,
374,Ibrahima Konaté,DEF,Liverpool,49.0,56.0,1551.0,1570.0,41.153560443997264,41.153560443997264,0.0,0.0,2,
320,Issa Diop,DEF,Fulham,79.0,43.0,2008.0,1423.0,41.030253735054444,41.153560443997264,0.0,0.0,2,
443,Luke Shaw,DEF,Man Utd,124.0,31.0,2552.0,960.0,39.29370197804899,41.153560443997264,0.0,0.0,2,
607,Nayef Aguerd,DEF,West Ham,58.0,36.0,1594.0,1857.0,38.379638382971166,41.153560443997264,0.0,0.0,2,
261,Chris Richards,DEF,Crystal Palace,13.0,62.0,443.0,2091.0,38.19572611841429,41.153560443997264,0.0,0.0,2,
151,Jan Paul van Hecke,DEF,Brighton,6.0,61.0,291.0,2368.0,37.83657365299466,41.153560443997264,0.0,0.0,2,
571,Ben Davies,DEF,Spurs,99.0,34.0,2284.0,1085.0,37.75494118753036,41.153560443997264,0.0,0.0,2,
41,Pau Torres,DEF,Aston Villa,,85.0,,2462.0,37.399183538426,41.153560443997264,0.0,0.0,2,
263,Nathaniel Clyne,DEF,Crystal Palace,44.0,52.0,1638.0,1335.0,37.344900272419345,41.153560443997264,0.0,0.0,2,
508,Neco Williams,DEF,Nott'm Forest,54.0,39.0,1872.0,1630.0,37.19010224294721,41.153560443997264,0.0,0.0,3,
575,Micky van de Ven,DEF,Spurs,,81.0,,2341.0,35.282342092333614,41.153560443997264,0.0,0.0,3,
574,Destiny Udogie,DEF,Spurs,,79.0,,2391.0,35.27758358642763,41.153560443997264,0.0,0.0,3,
514,Willy Boly,DEF,Nott'm Forest,37.0,58.0,684.0,1437.0,35.25079689937817,41.153560443997264,0.0,0.0,3,
407,Matheus Nunes,DEF,Man City,80.0,32.0,2467.0,831.0,35.079659086297255,41.153560443997264,0.0,0.0,3,
43,Álex Moreno Lopera,DEF,Aston Villa,72.0,49.0,1325.0,1024.0,34.8311045410751,41.153560443997264,0.0,0.0,3,
342,Jayden Bogle,DEF,Leeds,,63.0,,2787.0,34.6214453953888,41.153560443997264,0.0,0.0,3,
322,Kenny Tete,DEF,Fulham,90.0,27.0,2569.0,863.0,33.71850584861463,41.153560443997264,0.0,0.0,3,
506,Murillo Costa dos Santos,DEF,Nott'm Forest,,58.0,,2790.0,33.324777410783575,41.153560443997264,0.0,0.0,3,
107,Keane Lewis-Potter,DEF,Brentford,14.0,73.0,313.0,1428.0,32.76774246512876,41.153560443997264,0.0,0.0,3,
318,Calvin Bassey,DEF,Fulham,,66.0,,2299.0,31.37429316458298,41.153560443997264,0.0,0.0,3,
153,Adam Webster,DEF,Brighton,75.0,26.0,1983.0,1142.0,30.60141678904265,41.153560443997264,0.0,0.0,3,
109,Rico Henry,DEF,Brentford,112.0,13.0,3240.0,401.0,30.586452704303383,41.153560443997264,0.0,0.0,3,
226,Trevoh Chalobah,DEF,Chelsea,49.0,39.0,1601.0,949.0,29.976786627148357,41.153560443997264,0.0,0.0,3,
229,Benoît Badiashile Mukinayi,DEF,Chelsea,40.0,35.0,904.0,1337.0,28.358168395685674,41.153560443997264,0.0,0.0,3,
228,Malo Gusto,DEF,Chelsea,,74.0,,1746.0,27.851618129618092,41.153560443997264,0.0,0.0,3,
371,Milos Kerkez,DEF,Liverpool,,59.0,,1966.0,26.90991530072419,41.153560443997264,0.0,0.0,3,
294,Séamus Coleman,DEF,Everton,63.0,30.0,1654.0,661.0,26.449653442390254,41.153560443997264,0.0,0.0,3,
632,Matt Doherty,DEF,Wolves,35.0,41.0,663.0,1136.0,26.268146744180587,41.153560443997264,0.0,0.0,3,
410,Rico Lewis,DEF,Man City,29.0,52.0,900.0,804.0,25.62858719771319,41.153560443997264,0.0,0.0,3,
477,Tino Livramento,DEF,Newcastle,2.0,45.0,26.0,1302.0,25.41998875640296,41.153560443997264,0.0,0.0,3,
296,Nathan Patterson,DEF,Everton,31.0,34.0,1274.0,1000.0,24.685694816515557,41.153560443997264,0.0,0.0,3,
9,Jakub Kiwior,DEF,Arsenal,26.0,67.0,425.0,942.0,24.080039885621723,41.153560443997264,0.0,0.0,3,
437,Lisandro Martínez,DEF,Man Utd,81.0,15.0,2113.0,643.0,23.0394017344251,41.153560443997264,0.0,0.0,3,
633,Hugo Bueno López,DEF,Wolves,41.0,29.0,1307.0,727.0,22.245990887870565,41.153560443997264,0.0,0.0,3,
116,Aaron Hickey,DEF,Brentford,63.0,17.0,1918.0,713.0,22.197358316173517,41.153560443997264,0.0,0.0,3,
507,Ola Aina,DEF,Nott'm Forest,,45.0,,1690.0,21.703763700018317,41.153560443997264,0.0,0.0,3,
256,Daniel Muñoz Mejía,DEF,Crystal Palace,,56.0,,1440.0,21.404703835306297,41.153560443997264,0.0,0.0,3,
79,Chris Mepham,DEF,Bournemouth,43.0,16.0,2197.0,613.0,21.227589123850713,41.153560443997264,0.0,0.0,3,
377,Konstantinos Tsimikas,DEF,Liverpool,48.0,48.0,762.0,675.0,21.143354122055396,41.153560443997264,0.0,0.0,4,
199,Joe Worrall,DEF,Burnley,61.0,13.0,2215.0,438.0,20.823943158390637,41.153560443997264,0.0,0.0,4,
149,Igor Julio dos Santos de Paulo,DEF,Brighton,,37.0,,1631.0,19.703272732652657,41.153560443997264,0.0,0.0,4,
606,Konstantinos Mavropanos,DEF,West Ham,,40.0,,1500.0,19.166747244077314,41.153560443997264,0.0,0.0,4,
479,Emil Krafth,DEF,Newcastle,1.0,33.0,1.0,909.0,18.98584316956788,41.153560443997264,0.0,0.0,4,
473,Lewis Hall,DEF,Newcastle,19.0,38.0,653.0,773.0,18.88812348847788,41.153560443997264,0.0,0.0,4,
150,Tariq Lamptey,DEF,Brighton,23.0,31.0,439.0,908.0,18.798729538708145,41.153560443997264,0.0,0.0,4,
480,Jamaal Lascelles,DEF,Newcastle,3.0,46.0,214.0,1077.0,18.717917434348887,41.153560443997264,0.0,0.0,4,
194,Jordan Beyer,DEF,Burnley,,30.0,,1234.0,15.230233868570934,41.153560443997264,0.0,0.0,4,
295,Michael Keane,DEF,Everton,39.0,18.0,983.0,437.0,14.564312667722593,41.153560443997264,0.0,0.0,4,
225,Reece James,DEF,Chelsea,44.0,11.0,1242.0,416.0,13.684389424546204,41.153560443997264,0.0,0.0,4,
191,Maxime Estève,DEF,Burnley,,15.0,,1310.0,13.447167519173366,41.153560443997264,0.0,0.0,4,
40,Tyrone Mings,DEF,Aston Villa,130.0,0.0,3150.0,30.0,12.823324771116228,41.153560443997264,0.0,0.0,4,
375,Conor Bradley,DEF,Liverpool,,50.0,,752.0,12.798482946057328,41.153560443997264,0.0,0.0,4,
636,Santiago Ignacio Bueno,DEF,Wolves,,13.0,,819.0,9.377178719606443,41.153560443997264,0.0,0.0,4,
186,Connor Roberts,DEF,Burnley,,12.0,,817.0,9.244831206968048,41.153560443997264,0.0,0.0,4,
659,Kyle Walker-Peters,DEF,West Ham,56.0,,2650.0,,8.570890942097273,41.153560443997264,0.0,0.0,4,
343,Pascal Struijk,DEF,Leeds,66.0,,2198.0,,8.15754266971833,41.153560443997264,0.0,0.0,4,
188,Hannes Delcroix,DEF,Burnley,,7.0,,584.0,6.692209938687025,41.153560443997264,0.0,0.0,4,
448,Tyrell Malacia,DEF,Man Utd,62.0,0.0,1391.0,0.0,6.215024000374494,41.153560443997264,0.0,0.0,4,
190,Hjalmar Ekdal,DEF,Burnley,,15.0,,436.0,5.838785712496462,41.153560443997264,0.0,0.0,4,
572,Radu Drăgușin,DEF,Spurs,,14.0,,424.0,5.6361308383821935,41.153560443997264,0.0,0.0,4,
230,Wesley Fofana,DEF,Chelsea,37.0,0.0,1362.0,0.0,5.443849412970647,41.153560443997264,0.0,0.0,4,
484,Matt Targett,DEF,Newcastle,35.0,2.0,600.0,77.0,4.84768567430183,41.153560443997264,0.0,0.0,4,
39,Ian Maatsen,DEF,Aston Villa,,11.0,,200.0,2.815322361924102,41.153560443997264,0.0,0.0,4,
264,Rob Holding,DEF,Crystal Palace,21.0,0.0,562.0,0.0,2.7394618661888197,41.153560443997264,0.0,0.0,4,
77,James Hill,DEF,Bournemouth,0.0,5.0,0.0,74.0,1.0224564878581426,41.153560443997264,0.0,0.0,4,
8,Jurriën Timber,DEF,Arsenal,,0.0,,70.0,0.9029613594928428,41.153560443997264,0.0,0.0,4,
481,Alex Murphy,DEF,Newcastle,,2.0,,11.0,0.1505457745554226,41.153560443997264,0.0,0.0,4,
233,Josh Acheampong,DEF,Chelsea,,1.0,,5.0,0.06766913363630041,41.153560443997264,0.0,0.0,5,
76,Owen Bevan,DEF,Bournemouth,1.0,,8.0,,0.04591731590137348,41.153560443997264,0.0,0.0,5,
573,Djed Spence,DEF,Spurs,4.0,0.0,5.0,0.0,0.029288849276450604,41.153560443997264,0.0,0.0,5,
611,Kaelan Casey,DEF,West Ham,0.0,1.0,0.0,1.0,0.013562491368311223,41.153560443997264,0.0,0.0,5,
634,Yerson Mosquera Valdelamar,DEF,Wolves,0.0,0.0,0.0,0.0,0.0,41.153560443997264,0.0,0.0,5,
608,Ollie Scarles,DEF,West Ham,,0.0,,0.0,0.0,41.153560443997264,0.0,0.0,5,
44,Lamare Bogarde,DEF,Aston Villa,0.0,,0.0,,0.0,41.153560443997264,0.0,0.0,5,
45,Lino da Cruz Sousa,DEF,Aston Villa,0.0,,0.0,,0.0,41.153560443997264,0.0,0.0,5,
576,Ashley Phillips,DEF,Spurs,,0.0,,0.0,0.0,41.153560443997264,0.0,0.0,5,
638,Ki-Jana Hoever,DEF,Wolves,,0.0,,0.0,0.0,41.153560443997264,0.0,0.0,5,
293,Jake O'Brien,DEF,Everton,,0.0,,0.0,0.0,41.153560443997264,0.0,0.0,5,
113,Sepp van den Berg,DEF,Brentford,0.0,0.0,0.0,0.0,0.0,41.153560443997264,0.0,0.0,5,
536,Leo Fuhr Hjelde,DEF,Sunderland,0.0,,0.0,,0.0,41.153560443997264,0.0,0.0,5,
298,Reece Welch,DEF,Everton,0.0,,0.0,,0.0,41.153560443997264,0.0,0.0,5,
10,Myles Lewis-Skelly,DEF,Arsenal,,0.0,,0.0,0.0,41.153560443997264,0.0,0.0,5,
348,Joe Rodon,DEF,Leeds,0.0,0.0,0.0,0.0,0.0,41.153560443997264,0.0,0.0,5,
378,Amara Nallo,DEF,Liverpool,,0.0,,0.0,0.0,41.153560443997264,0.0,0.0,5,
379,Rhys Williams,DEF,Liverpool,0.0,,0.0,,0.0,41.153560443997264,0.0,0.0,5,
380,Calvin Ramsay,DEF,Liverpool,0.0,,0.0,,0.0,41.153560443997264,0.0,0.0,5,
193,Bashir Humphreys,DEF,Burnley,0.0,0.0,0.0,0.0,0.0,41.153560443997264,0.0,0.0,5,
189,Owen Dodgson,DEF,Burnley,,0.0,,0.0,0.0,41.153560443997264,0.0,0.0,5,
411,Nico O'Reilly,DEF,Man City,0.0,,0.0,,0.0,41.153560443997264,0.0,0.0,5,
445,Harry Amass,DEF,Man Utd,,0.0,,0.0,0.0,41.153560443997264,0.0,0.0,5,
117,Kim Ji-soo,DEF,Brentford,,0.0,,0.0,0.0,41.153560443997264,0.0,0.0,5,
482,Harrison Ashby,DEF,Newcastle,0.0,0.0,0.0,0.0,0.0,41.153560443997264,0.0,0.0,5,
115,Benjamin Fredrick,DEF,Brentford,,0.0,,0.0,0.0,41.153560443997264,0.0,0.0,5,
512,Omar Richards,DEF,Nott'm Forest,0.0,0.0,0.0,0.0,0.0,41.153560443997264,0.0,0.0,5,
114,Benjamin Arthur,DEF,Brentford,,0.0,,0.0,0.0,41.153560443997264,0.0,0.0,5,
678,Arthur Masuaku,DEF,Sunderland,0.0,,0.0,,0.0,41.153560443997264,0.0,0.0,5,
64,Ollie Watkins,FWD,Aston Villa,175.0,228.0,3129.0,3222.0,200.27689635047457,5.767609204990764,194.5092871454838,40.77,1,
624,Jarrod Bowen,FWD,West Ham,145.0,182.0,3232.0,3020.0,165.22181521334173,5.767609204990764,159.45420600835095,33.43,1,
430,Erling Haaland,FWD,Man City,272.0,217.0,2767.0,2553.0,161.48027144828407,5.767609204990764,155.7126622432933,32.64,1,
596,Dominic Solanke-Mitchell,FWD,Spurs,130.0,175.0,2865.0,3325.0,159.96391752032565,5.767609204990764,154.19630831533487,32.32,1,
30,Kai Havertz,FWD,Arsenal,102.0,180.0,2565.0,2627.0,139.5052614136203,5.767609204990764,133.73765220862953,28.03,1,
499,Alexander Isak,FWD,Newcastle,100.0,172.0,1520.0,2253.0,115.98385671881155,5.767609204990764,110.21624751382079,23.1,1,
135,Yoane Wissa,FWD,Brentford,111.0,131.0,1587.0,2488.0,109.45469023588015,5.767609204990764,103.68708103088939,21.74,1,
397,Darwin Núñez Ribeiro,FWD,Liverpool,100.0,132.0,1684.0,2033.0,97.53099752690284,5.767609204990764,91.76338832191207,19.24,1,
283,Jean-Philippe Mateta,FWD,Crystal Palace,41.0,165.0,748.0,2274.0,93.86466853233254,5.767609204990764,88.09705932734178,18.47,1,
525,Chris Wood,FWD,Nott'm Forest,53.0,131.0,807.0,1801.0,76.24206733642605,5.767609204990764,70.47445813143528,14.77,2,
31,Gabriel Fernando de Jesus,FWD,Arsenal,125.0,85.0,2064.0,1470.0,75.72291823969076,5.767609204990764,69.9553090347,14.66,2,
178,Danny Welbeck,FWD,Brighton,91.0,79.0,1844.0,1687.0,69.8719102636395,5.767609204990764,64.10430105864874,13.44,2,
251,Nicolas Jackson,FWD,Chelsea,,142.0,,2801.0,69.51836882200203,5.767609204990764,63.75075961701127,13.36,2,
597,Richarlison de Andrade,FWD,Spurs,54.0,122.0,995.0,1481.0,67.94390901794074,5.767609204990764,62.17629981294998,13.03,2,
285,Odsonne Édouard,FWD,Crystal Palace,82.0,79.0,1788.0,1545.0,65.95414256964735,5.767609204990764,60.18653336465658,12.62,2,
671,Callum Wilson,FWD,West Ham,157.0,69.0,1870.0,981.0,63.37413623805148,5.767609204990764,57.606527033060715,12.08,2,
527,Taiwo Awoniyi,FWD,Nott'm Forest,100.0,67.0,1395.0,1036.0,52.6905281424796,5.767609204990764,46.92291893748884,9.84,2,
465,Rasmus Højlund,FWD,Man Utd,,112.0,,2156.0,52.21056954654885,5.767609204990764,46.442960341558084,9.74,3,
179,Evan Ferguson,FWD,Brighton,65.0,69.0,942.0,1356.0,51.61994768899872,5.767609204990764,45.85233848400796,9.61,3,
249,João Pedro Junqueira de Jesus,FWD,Chelsea,,104.0,,2037.0,48.617671442129584,5.767609204990764,42.85006223713882,8.98,3,
284,Eddie Nketiah,FWD,Crystal Palace,63.0,71.0,1071.0,1065.0,47.17678075860252,5.767609204990764,41.409171553611756,8.68,3,
337,Raúl Jiménez Rodríguez,FWD,Fulham,29.0,72.0,839.0,1390.0,45.99195204718262,5.767609204990764,40.22434284219186,8.43,3,
216,Zeki Amdouni,FWD,Burnley,,85.0,,1953.0,43.317141537716694,5.767609204990764,37.54953233272593,7.87,3,
217,Lyle Foster,FWD,Burnley,,75.0,,1898.0,40.45766489979062,5.767609204990764,34.69005569479986,7.27,3,
338,Rodrigo Muniz Carvalho,FWD,Fulham,0.0,97.0,0.0,1589.0,40.06000259952797,5.767609204990764,34.29239339453721,7.19,3,
311,Norberto Bercique Gomes Betuncal,FWD,Everton,,50.0,,943.0,21.862609978791994,5.767609204990764,16.09500077380123,3.37,3,
680,Armando Broja,FWD,Burnley,21.0,35.0,285.0,529.0,18.038293821183146,5.767609204990764,12.270684616192382,2.57,4,
500,William Osula,FWD,Newcastle,,25.0,,778.0,16.181126041910826,5.767609204990764,10.413516836920062,2.18,4,
363,Patrick Bamford,FWD,Leeds,70.0,,1510.0,,10.365827923684677,5.767609204990764,4.5982187186939125,0.96,4,
98,Enes Ünal,FWD,Bournemouth,,40.0,,317.0,8.598450029400489,5.767609204990764,2.8308408244097247,0.59,4,
655,Fábio Soares Silva,FWD,Wolves,0.0,8.0,0.0,259.0,5.767609204990764,5.767609204990764,0.0,0.0,4,
656,Saša Kalajdžić,FWD,Wolves,1.0,24.0,45.0,158.0,4.810249884900091,5.767609204990764,0.0,0.0,4,
312,Youssef Ramalho Chermiti,FWD,Everton,,16.0,,196.0,4.768303015058031,5.767609204990764,0.0,0.0,4,
658,Nathan Fraser,FWD,Wolves,0.0,7.0,0.0,183.0,4.183780227257818,5.767609204990764,0.0,0.0,4,
657,Leon Chiwome,FWD,Wolves,,5.0,,173.0,3.9112638916572573,5.767609204990764,0.0,0.0,5,
599,Dane Scarlett,FWD,Spurs,0.0,4.0,0.0,19.0,0.4597112560647858,5.767609204990764,0.0,0.0,5,
219,Michael Obafemi,FWD,Burnley,,2.0,,19.0,0.45233734925475,5.767609204990764,0.0,0.0,5,
468,Ethan Wheatley,FWD,Man Utd,,3.0,,13.0,0.3129981689610031,5.767609204990764,0.0,0.0,5,
364,Mateo Joseph Fernández-Regatillo,FWD,Leeds,3.0,,24.0,,0.24236217852059397,5.767609204990764,0.0,0.0,5,
398,Jayden Danns,FWD,Liverpool,,1.0,,7.0,0.1663363431657373,5.767609204990764,0.0,0.0,5,
250,Liam Delap,FWD,Chelsea,0.0,,0.0,,0.0,5.767609204990764,0.0,0.0,5,
99,Daniel Adu-Adjei,FWD,Bournemouth,0.0,,0.0,,0.0,5.767609204990764,0.0,0.0,5,
626,Callum Marshall,FWD,West Ham,,0.0,,0.0,0.0,5.767609204990764,0.0,0.0,5,
287,Jordan Pickford,GK,Everton,124.0,153.0,3330.0,3420.0,124.99668063060557,23.67185082439147,101.3248298062141,21.24,1,
314,Bernd Leno,GK,Fulham,142.0,133.0,3240.0,3420.0,119.35327869847626,23.67185082439147,95.68142787408479,20.06,1,
1,David Raya Martín,GK,Arsenal,166.0,135.0,3420.0,2880.0,110.47897073703189,23.67185082439147,86.80711991264042,18.2,1,
32,Emiliano Martínez Romero,GK,Aston Villa,135.0,115.0,3139.0,3015.0,103.7420694199626,23.67185082439147,80.07021859557113,16.78,1,
628,José Malheiro de Sá,GK,Wolves,148.0,107.0,3240.0,3037.0,103.10243758463133,23.67185082439147,79.43058676023986,16.65,1,
366,Alisson Becker,GK,Liverpool,162.0,107.0,3330.0,2520.0,96.92036468168457,23.67185082439147,73.2485138572931,15.35,1,
399,Ederson Santana de Moraes,GK,Man City,121.0,112.0,3150.0,2785.0,96.31632841828542,23.67185082439147,72.64447759389395,15.23,1,
66,Norberto Murara Neto,GK,Bournemouth,93.0,110.0,2385.0,2880.0,85.57192241255215,23.67185082439147,61.900071588160685,12.98,1,
469,Nick Pope,GK,Newcastle,157.0,57.0,3261.0,1345.0,59.96397514173369,23.67185082439147,36.29212431734222,7.61,1,
432,André Onana,GK,Man Utd,,133.0,,3420.0,51.91320114777617,23.67185082439147,28.2413503233847,5.92,1,
600,Alphonse Areola,GK,West Ham,7.0,116.0,307.0,2700.0,50.90011694243911,23.67185082439147,27.228266118047642,5.71,1,
565,Guglielmo Vicario,GK,Spurs,,112.0,,3420.0,45.61873285509325,23.67185082439147,21.94688203070178,4.6,2,
220,Robert Lynch Sánchez,GK,Chelsea,82.0,59.0,2070.0,1433.0,43.78072651556022,23.67185082439147,20.10887569116875,4.22,2,
470,Martin Dúbravka,GK,Burnley,11.0,75.0,156.0,1984.0,39.382111436629046,23.67185082439147,15.710260612237576,3.29,2,
253,Dean Henderson,GK,Crystal Palace,82.0,48.0,1620.0,1620.0,38.99905945056237,23.67185082439147,15.3272086261709,3.21,2,
627,Sam Johnstone,GK,Wolves,36.0,68.0,810.0,1796.0,37.385697009579715,23.67185082439147,13.713846185188245,2.87,2,
674,Aaron Ramsdale,GK,Newcastle,143.0,20.0,3420.0,540.0,35.46588499732303,23.67185082439147,11.79403417293156,2.47,2,
138,Jason Steele,GK,Brighton,65.0,42.0,1350.0,1530.0,32.56620314686797,23.67185082439147,8.8943523224765,1.86,2,
601,Wes Foderingham,GK,West Ham,,70.0,,2648.0,28.154945702196123,23.67185082439147,4.483094877804653,0.94,2,
182,James Trafford,GK,Man City,,70.0,,2520.0,27.292409038399335,23.67185082439147,3.6205582140078647,0.76,2,
67,Đorđe Petrović,GK,Bournemouth,,71.0,,1986.0,23.67185082439147,23.67185082439147,0.0,0.0,2,
139,Bart Verbruggen,GK,Brighton,,68.0,,1890.0,22.308237343488862,23.67185082439147,0.0,0.0,3,
504,Matt Turner,GK,Nott'm Forest,0.0,41.0,0.0,1530.0,14.570536842105259,23.67185082439147,0.0,0.0,3,
502,Matz Sels,GK,Nott'm Forest,,34.0,,1440.0,12.783593808049531,23.67185082439147,0.0,0.0,3,
288,Mark Travers,GK,Everton,28.0,19.0,1035.0,360.0,11.771601269871185,23.67185082439147,0.0,0.0,3,
101,Caoimhín Kelleher,GK,Brentford,2.0,34.0,90.0,900.0,10.879118685516056,23.67185082439147,0.0,0.0,3,
400,Stefan Ortega Moreno,GK,Man City,23.0,22.0,270.0,632.0,10.541985444169576,23.67185082439147,0.0,0.0,3,
2,Kepa Arrizabalaga Revuelta,GK,Arsenal,118.0,0.0,2565.0,0.0,8.298997091382676,23.67185082439147,0.0,0.0,3,
339,Illan Meslier,GK,Leeds,90.0,,3060.0,,7.85178947368421,23.67185082439147,0.0,0.0,3,
629,Daniel Bentley,GK,Wolves,6.0,18.0,180.0,382.0,5.1970220675006376,23.67185082439147,0.0,0.0,3,
472,Odysseas Vlachodimos,GK,Newcastle,,12.0,,450.0,3.7587516075256007,23.67185082439147,0.0,0.0,3,
255,Remi Matthews,GK,Crystal Palace,0.0,1.0,0.0,3.0,0.024184840405188927,23.67185082439147,0.0,0.0,3,
566,Brandon Austin,GK,Spurs,0.0,0.0,0.0,0.0,0.0,23.67185082439147,0.0,0.0,4,
142,Kjell Scherpen,GK,Brighton,0.0,0.0,0.0,0.0,0.0,23.67185082439147,0.0,0.0,4,
35,Filip Marschall,GK,Aston Villa,0.0,0.0,0.0,0.0,0.0,23.67185082439147,0.0,0.0,4,
602,Krisztián Hegyi,GK,West Ham,0.0,,0.0,,0.0,23.67185082439147,0.0,0.0,4,
3,Karl Hein,GK,Arsenal,0.0,0.0,0.0,0.0,0.0,23.67185082439147,0.0,0.0,4,
630,Tom King,GK,Wolves,,0.0,,0.0,0.0,23.67185082439147,0.0,0.0,4,
34,Joe Gauci,GK,Aston Villa,,0.0,,0.0,0.0,23.67185082439147,0.0,0.0,4,
434,Tom Heaton,GK,Man Utd,0.0,0.0,0.0,0.0,0.0,23.67185082439147,0.0,0.0,4,
471,Mark Gillespie,GK,Newcastle,0.0,0.0,0.0,0.0,0.0,23.67185082439147,0.0,0.0,4,
68,Will Dennis,GK,Bournemouth,0.0,,0.0,,0.0,23.67185082439147,0.0,0.0,4,
69,Callan McKenna,GK,Bournemouth,,0.0,,0.0,0.0,23.67185082439147,0.0,0.0,4,
435,Dermot Mee,GK,Man Utd,,0.0,,0.0,0.0,23.67185082439147,0.0,0.0,4,
431,Altay Bayındır,GK,Man Utd,,0.0,,0.0,0.0,23.67185082439147,0.0,0.0,4,
401,Marcus Bettinelli,GK,Man City,0.0,-1.0,0.0,0.0,0.0,23.67185082439147,0.0,0.0,4,
102,Ellery Balcombe,GK,Brentford,0.0,0.0,0.0,0.0,0.0,23.67185082439147,0.0,0.0,4,
103,Matthew Cox,GK,Brentford,0.0,0.0,0.0,0.0,0.0,23.67185082439147,0.0,0.0,4,
341,Karl Darlow,GK,Leeds,0.0,0.0,0.0,0.0,0.0,23.67185082439147,0.0,0.0,4,
105,Hákon Rafn Valdimarsson,GK,Brentford,,0.0,,0.0,0.0,23.67185082439147,0.0,0.0,4,
223,Gabriel Słonina,GK,Chelsea,,0.0,,0.0,0.0,23.67185082439147,0.0,0.0,4,
140,Tom McGill,GK,Brighton,0.0,0.0,0.0,0.0,0.0,23.67185082439147,0.0,0.0,4,
315,Steven Benda,GK,Fulham,,0.0,,0.0,0.0,23.67185082439147,0.0,0.0,4,
17,Martin Ødegaard,MID,Arsenal,212.0,186.0,3132.0,3098.0,173.67843127022232,63.80183766474505,109.87659360547727,23.03,1,
16,Bukayo Saka,MID,Arsenal,202.0,226.0,3183.0,2922.0,171.8910181653945,63.80183766474505,108.08918050064946,22.66,1,
579,Son Heung-min,MID,Spurs,152.0,213.0,2886.0,2934.0,165.6073417339855,63.80183766474505,101.80550406924044,21.34,1,
449,Bruno Borges Fernandes,MID,Man Utd,176.0,166.0,3317.0,3118.0,156.499485590316,63.80183766474505,92.69764792557095,19.43,1,
381,Mohamed Salah,MID,Liverpool,239.0,211.0,3290.0,2531.0,153.3528482314152,63.80183766474505,89.55101056667016,18.77,1,
21,Declan Rice,MID,Arsenal,116.0,165.0,3272.0,3225.0,143.41326695338776,63.80183766474505,79.61142928864271,16.69,1,
414,Phil Foden,MID,Man City,142.0,230.0,1832.0,2860.0,138.11670634950468,63.80183766474505,74.31486868475963,15.58,1,
614,James Ward-Prowse,MID,West Ham,142.0,146.0,3371.0,3000.0,136.20992989284713,63.80183766474505,72.40809222810208,15.18,1,
515,Morgan Gibbs-White,MID,Nott'm Forest,145.0,142.0,3151.0,3156.0,135.3281133148507,63.80183766474505,71.52627565010565,14.99,1,
488,Bruno Guimarães Rodriguez Moura,MID,Newcastle,107.0,153.0,2727.0,3264.0,130.44270852204556,63.80183766474505,66.64087085730051,13.97,1,
421,Rodrigo 'Rodri' Hernandez Cascante,MID,Man City,108.0,159.0,2911.0,2931.0,130.16580472742243,63.80183766474505,66.36396706267737,13.91,1,
485,Anthony Gordon,MID,Newcastle,68.0,183.0,1574.0,2896.0,117.90230641656501,63.80183766474505,54.10046875181996,11.34,1,
300,Dwight McNeil,MID,Everton,126.0,124.0,2490.0,2891.0,112.8112644818503,63.80183766474505,49.00942681710525,10.27,1,
266,Eberechi Eze,MID,Crystal Palace,159.0,136.0,2631.0,2054.0,112.17046655910607,63.80183766474505,48.368628894361024,10.14,1,
451,Marcus Rashford,MID,Man Utd,205.0,108.0,2880.0,2264.0,111.58922313102694,63.80183766474505,47.78738546628189,10.02,1,
19,Gabriel Martinelli Silva,MID,Arsenal,198.0,118.0,2789.0,2010.0,110.39438358564898,63.80183766474505,46.59254592090393,9.77,1,
327,Andreas Hoelgebaum Pereira,MID,Fulham,123.0,127.0,2696.0,2611.0,110.21846030475902,63.80183766474505,46.41662264001397,9.73,1,
580,Brennan Johnson,MID,Spurs,122.0,131.0,2930.0,2317.0,110.21219275377508,63.80183766474505,46.410355089030034,9.73,1,
416,Bernardo Mota Veiga de Carvalho e Silva,MID,Man City,106.0,141.0,2196.0,2576.0,108.7093803917615,63.80183766474505,44.90754272701645,9.41,1,
119,Bryan Mbeumo,MID,Man Utd,150.0,127.0,2905.0,1957.0,108.17033303974418,63.80183766474505,44.36849537499913,9.3,1,
386,Alexis Mac Allister,MID,Liverpool,140.0,109.0,2882.0,2600.0,105.67830909070763,63.80183766474505,41.87647142596258,8.78,1,
54,John McGinn,MID,Aston Villa,90.0,119.0,2692.0,3000.0,104.54501092358785,63.80183766474505,40.7431732588428,8.54,1,
613,Tomáš Souček,MID,West Ham,100.0,116.0,2811.0,2867.0,104.27317573545766,63.80183766474505,40.471338070712605,8.48,1,
583,Dejan Kulusevski,MID,Spurs,96.0,130.0,2062.0,2759.0,103.73620333170996,63.80183766474505,39.93436566696491,8.37,1,
49,Leon Bailey,MID,Aston Villa,100.0,148.0,1964.0,2063.0,99.76516127381133,63.80183766474505,35.96332360906628,7.54,1,
324,Alex Iwobi,MID,Fulham,126.0,102.0,3379.0,2331.0,99.6727367535737,63.80183766474505,35.87089908882865,7.52,1,
581,James Maddison,MID,Spurs,135.0,117.0,2479.0,2137.0,98.5598574549827,63.80183766474505,34.758019790237654,7.29,1,
235,Cole Palmer,MID,Chelsea,19.0,244.0,358.0,2617.0,96.60583103581773,63.80183766474505,32.80399337107268,6.88,1,
493,Sean Longstaff,MID,Leeds,93.0,110.0,2514.0,2742.0,96.02959689373455,63.80183766474505,32.2277592289895,6.76,1,
383,Luis Díaz Marulanda,MID,Liverpool,62.0,142.0,991.0,2625.0,93.86383268814336,63.80183766474505,30.06199502339831,6.3,1,
126,Mathias Jensen,MID,Brentford,132.0,98.0,2805.0,2201.0,92.21527270090164,63.80183766474505,28.413435036156585,5.96,1,
125,Vitaly Janelt,MID,Brentford,85.0,93.0,2201.0,3054.0,89.43395181587276,63.80183766474505,25.63211415112771,5.37,1,
612,Lucas Tolentino Coelho de Lima,MID,West Ham,98.0,100.0,2154.0,2627.0,89.01202623576268,63.80183766474505,25.210188571017625,5.28,1,
352,Jack Harrison,MID,Leeds,134.0,92.0,2707.0,2212.0,88.98349015983428,63.80183766474505,25.181652495089224,5.28,1,
20,Leandro Trossard,MID,Arsenal,154.0,138.0,2237.0,1633.0,88.7747206181245,63.80183766474505,24.972882953379454,5.23,1,
673,João Maria Lobo Alves Palhares Costa Palhinha Gonçalves,MID,Spurs,83.0,91.0,3108.0,2698.0,87.44708940062905,63.80183766474505,23.645251735884003,4.96,1,
241,Moisés Caicedo Corozo,MID,Chelsea,79.0,84.0,3138.0,2865.0,84.7742177704296,63.80183766474505,20.97238010568455,4.4,1,
453,Alejandro Garnacho Ferreyra,MID,Man Utd,39.0,131.0,557.0,2564.0,83.50401361621353,63.80183766474505,19.702175951468476,4.13,1,
87,Ryan Christie,MID,Bournemouth,64.0,90.0,1825.0,2908.0,79.36023465199466,63.80183766474505,15.558396987249608,3.26,1,
450,Matheus Santos Carneiro da Cunha,MID,Man Utd,39.0,135.0,961.0,2438.0,79.08980285686131,63.80183766474505,15.28796519211626,3.2,1,
642,Hwang Hee-chan,MID,Wolves,60.0,125.0,1117.0,2116.0,76.6121645525839,63.80183766474505,12.810326887838855,2.69,1,
272,Jefferson Lerma Solís,MID,Crystal Palace,101.0,64.0,3252.0,2399.0,73.73466849375778,63.80183766474505,9.93283082901273,2.08,1,
84,Marcus Tavernier,MID,Bournemouth,94.0,89.0,1740.0,2118.0,73.66281262251296,63.80183766474505,9.860974957767908,2.07,2,
486,Anthony Elanga,MID,Newcastle,23.0,119.0,417.0,2424.0,69.81345732741734,63.80183766474505,6.011619662672288,1.26,2,
384,Cody Gakpo,MID,Liverpool,90.0,106.0,1455.0,1633.0,69.5870588609206,63.80183766474505,5.785221196175556,1.21,2,
24,Christian Nørgaard,MID,Arsenal,71.0,74.0,1763.0,2504.0,68.51437046381423,63.80183766474505,4.71253279906918,0.99,2,
157,Mitoma Kaoru,MID,Brighton,138.0,74.0,2311.0,1485.0,68.37640874509088,63.80183766474505,4.574571080345834,0.96,2,
88,Lewis Cook,MID,Bournemouth,51.0,77.0,1712.0,2787.0,68.29586347998816,63.80183766474505,4.494025815243106,0.94,2,
303,James Garner,MID,Everton,25.0,87.0,796.0,3001.0,66.6638977565369,63.80183766474505,2.8620600917918466,0.6,2,
48,Youri Tielemans,MID,Aston Villa,86.0,77.0,2341.0,1613.0,64.4256166531798,63.80183766474505,0.6237789884347507,0.13,2,
302,Idrissa Gana Gueye,MID,Everton,66.0,73.0,2577.0,1885.0,63.80183766474505,63.80183766474505,0.0,0.0,2,
59,Amadou Onana,MID,Aston Villa,77.0,66.0,2486.0,2085.0,63.482487577422496,63.80183766474505,0.0,0.0,2,
89,Philip Billing,MID,Bournemouth,126.0,60.0,2766.0,1385.0,62.589278476974144,63.80183766474505,0.0,0.0,2,
487,Harvey Barnes,MID,Newcastle,138.0,64.0,2709.0,788.0,62.43443083782167,63.80183766474505,0.0,0.0,2,
82,Antoine Semenyo,MID,Bournemouth,18.0,107.0,250.0,2099.0,60.91815514738315,63.80183766474505,0.0,0.0,2,
389,Harvey Elliott,MID,Liverpool,62.0,96.0,1600.0,1330.0,58.979181842118216,63.80183766474505,0.0,0.0,2,
457,Carlos Henrique Casimiro,MID,Man Utd,87.0,58.0,2122.0,1981.0,58.76176369035422,63.80183766474505,0.0,0.0,2,
329,Harry Wilson,MID,Fulham,68.0,94.0,1085.0,1603.0,58.719098708755034,63.80183766474505,0.0,0.0,2,
237,Enzo Fernández,MID,Chelsea,42.0,77.0,1547.0,2208.0,58.183188033594824,63.80183766474505,0.0,0.0,2,
646,João Victor Gomes da Silva,MID,Wolves,21.0,75.0,649.0,2646.0,56.36643211416039,63.80183766474505,0.0,0.0,2,
582,Mohammed Kudus,MID,Spurs,,137.0,,2485.0,54.656355832501106,63.80183766474505,0.0,0.0,2,
336,Harrison Reed,MID,Fulham,107.0,47.0,2868.0,1317.0,53.562975096933286,63.80183766474505,0.0,0.0,2,
593,Pape Matar Sarr,MID,Spurs,14.0,86.0,211.0,2063.0,53.19668839940178,63.80183766474505,0.0,0.0,2,
522,Ryan Yates,MID,Nott'm Forest,53.0,59.0,1833.0,1979.0,51.94827378956724,63.80183766474505,0.0,0.0,2,
490,Joelinton Cássio Apolinário de Lira,MID,Newcastle,115.0,45.0,2660.0,1276.0,51.665851466605204,63.80183766474505,0.0,0.0,2,
458,Kobbie Mainoo,MID,Man Utd,1.0,77.0,10.0,1927.0,51.35885103903467,63.80183766474505,0.0,0.0,2,
159,Solly March,MID,Brighton,147.0,39.0,2719.0,555.0,51.21936123442272,63.80183766474505,0.0,0.0,2,
489,Jacob Murphy,MID,Newcastle,78.0,82.0,1230.0,1184.0,50.48413974926138,63.80183766474505,0.0,0.0,2,
419,Jack Grealish,MID,Man City,121.0,50.0,2051.0,998.0,48.0724225181464,63.80183766474505,0.0,0.0,2,
236,Pedro Lomba Neto,MID,Chelsea,37.0,86.0,962.0,1516.0,48.07196230668861,63.80183766474505,0.0,0.0,2,
55,Ross Barkley,MID,Aston Villa,0.0,101.0,0.0,2616.0,47.32193226698971,63.80183766474505,0.0,0.0,2,
270,Will Hughes,MID,Crystal Palace,41.0,61.0,822.0,1886.0,47.178906903291306,63.80183766474505,0.0,0.0,2,
422,Mateo Kovačić,MID,Man City,53.0,59.0,1699.0,1539.0,46.61273676878729,63.80183766474505,0.0,0.0,2,
245,Mykhailo Mudryk,MID,Chelsea,25.0,94.0,650.0,1564.0,46.580333185979924,63.80183766474505,0.0,0.0,2,
331,Tom Cairney,MID,Fulham,53.0,70.0,968.0,1472.0,45.84070067301765,63.80183766474505,0.0,0.0,2,
330,Sander Berge,MID,Fulham,,74.0,,3002.0,44.11409722947047,63.80183766474505,0.0,0.0,2,
454,Antony dos Santos,MID,Man Utd,82.0,47.0,1803.0,1311.0,43.98927544067178,63.80183766474505,0.0,0.0,2,
543,Simon Adingra,MID,Sunderland,,97.0,,2220.0,41.74968694258754,63.80183766474505,0.0,0.0,2,
52,Jacob Ramsey,MID,Aston Villa,135.0,29.0,2634.0,848.0,41.65254175205711,63.80183766474505,0.0,0.0,2,
387,Dominik Szoboszlai,MID,Liverpool,,99.0,,2102.0,40.76260210142535,63.80183766474505,0.0,0.0,2,
587,Yves Bissouma,MID,Spurs,27.0,44.0,998.0,2070.0,40.18105871604655,63.80183766474505,0.0,0.0,2,
516,Callum Hudson-Odoi,MID,Nott'm Forest,0.0,109.0,0.0,1846.0,39.52152642500387,63.80183766474505,0.0,0.0,2,
58,Boubacar Kamara,MID,Aston Villa,44.0,40.0,1773.0,1653.0,39.23612851516368,63.80183766474505,0.0,0.0,2,
83,Dango Ouattara,MID,Bournemouth,49.0,56.0,1239.0,1214.0,38.62243849723376,63.80183766474505,0.0,0.0,3,
81,Justin Kluivert,MID,Bournemouth,,100.0,,1910.0,38.53581664412946,63.80183766474505,0.0,0.0,3,
588,Wilson Odobert,MID,Spurs,,82.0,,2095.0,36.930525719274534,63.80183766474505,0.0,0.0,3,
616,Edson Álvarez Velázquez,MID,West Ham,,62.0,,2375.0,35.223451354825166,63.80183766474505,0.0,0.0,3,
168,Facundo Buonanotte,MID,Brighton,26.0,57.0,558.0,1356.0,34.17409626678562,63.80183766474505,0.0,0.0,3,
18,Noni Madueke,MID,Arsenal,26.0,76.0,639.0,1044.0,34.1079108815443,63.80183766474505,0.0,0.0,3,
418,Jérémy Doku,MID,Man City,,98.0,,1585.0,33.73666311810743,63.80183766474505,0.0,0.0,3,
494,Joe Willock,MID,Newcastle,123.0,18.0,2556.0,415.0,33.03468255510979,63.80183766474505,0.0,0.0,3,
205,Josh Cullen,MID,Burnley,,65.0,,2055.0,32.77823167728434,63.80183766474505,0.0,0.0,3,
426,James McAtee,MID,Man City,0.0,77.0,0.0,1815.0,32.66200661290144,63.80183766474505,0.0,0.0,3,
268,Cheick Doucouré,MID,Crystal Palace,74.0,21.0,2770.0,920.0,32.59762745070325,63.80183766474505,0.0,0.0,3,
388,Curtis Jones,MID,Liverpool,52.0,40.0,1029.0,1156.0,32.36393532485091,63.80183766474505,0.0,0.0,3,
585,Rodrigo Bentancur,MID,Spurs,71.0,32.0,1501.0,997.0,31.951871021170263,63.80183766474505,0.0,0.0,3,
29,Albert Sambi Lokonga,MID,Arsenal,23.0,47.0,728.0,1304.0,30.599769572096225,63.80183766474505,0.0,0.0,3,
128,Frank Onyeka,MID,Brentford,38.0,39.0,837.0,1147.0,29.361195750226585,63.80183766474505,0.0,0.0,3,
326,Adama Traoré Diarra,MID,Fulham,66.0,36.0,1477.0,363.0,28.62854219366412,63.80183766474505,0.0,0.0,3,
121,Mikkel Damsgaard,MID,Brentford,33.0,45.0,970.0,829.0,27.188117958497653,63.80183766474505,0.0,0.0,3,
519,Nicolás Domínguez,MID,Nott'm Forest,,67.0,,1489.0,26.896220611617117,63.80183766474505,0.0,0.0,3,
517,Elliot Anderson,MID,Nott'm Forest,30.0,42.0,395.0,1018.0,26.445087322821976,63.80183766474505,0.0,0.0,3,
455,Mason Mount,MID,Man Utd,82.0,23.0,1644.0,509.0,26.063724223906934,63.80183766474505,0.0,0.0,3,
91,Luis Sinisterra Lucumí,MID,Bournemouth,53.0,43.0,863.0,685.0,26.019659757182797,63.80183766474505,0.0,0.0,3,
202,Jacob Bruun Larsen,MID,Burnley,,82.0,,1235.0,26.004552351912604,63.80183766474505,0.0,0.0,3,
392,Endo Wataru,MID,Liverpool,,47.0,,1714.0,25.658607838416184,63.80183766474505,0.0,0.0,3,
497,Lewis Miley,MID,Newcastle,1.0,44.0,14.0,1203.0,25.512450709043065,63.80183766474505,0.0,0.0,3,
332,Saša Lukić,MID,Fulham,15.0,43.0,406.0,1113.0,24.80791274161602,63.80183766474505,0.0,0.0,3,
163,Jack Hinshelwood,MID,Brighton,1.0,42.0,1.0,866.0,24.51657137155629,63.80183766474505,0.0,0.0,3,
170,James Milner,MID,Brighton,42.0,28.0,889.0,770.0,22.25422604077642,63.80183766474505,0.0,0.0,3,
273,Adam Wharton,MID,Crystal Palace,,50.0,,1296.0,21.751810140573802,63.80183766474505,0.0,0.0,3,
167,Carlos Baleba,MID,Brighton,,34.0,,1314.0,19.36820960783119,63.80183766474505,0.0,0.0,3,
85,Tyler Adams,MID,Bournemouth,47.0,5.0,2156.0,118.0,18.8427187722189,63.80183766474505,0.0,0.0,3,
390,Ryan Gravenberch,MID,Liverpool,,45.0,,1110.0,18.80740400371923,63.80183766474505,0.0,0.0,3,
161,Julio Enciso Espínola,MID,Brighton,57.0,20.0,794.0,468.0,17.04113538367988,63.80183766474505,0.0,0.0,3,
90,Alex Scott,MID,Bournemouth,,41.0,,1003.0,16.960487956675383,63.80183766474505,0.0,0.0,3,
649,Boubacar Traoré,MID,Wolves,14.0,25.0,405.0,802.0,16.944860396808426,63.80183766474505,0.0,0.0,3,
644,Jean-Ricner Bellegarde,MID,Wolves,,45.0,,948.0,16.79673393078651,63.80183766474505,0.0,0.0,3,
120,Kevin Schade,MID,Brentford,29.0,33.0,723.0,327.0,16.73106637025557,63.80183766474505,0.0,0.0,3,
208,Luca Koleosho,MID,Burnley,,40.0,,972.0,16.449546659234006,63.80183766474505,0.0,0.0,3,
456,Jadon Sancho,MID,Man Utd,105.0,3.0,1683.0,76.0,16.117191951714204,63.80183766474505,0.0,0.0,3,
244,Roméo Lavia,MID,Chelsea,57.0,1.0,2219.0,32.0,15.794710828440714,63.80183766474505,0.0,0.0,3,
521,Ibrahim Sangaré,MID,Nott'm Forest,,25.0,,1031.0,15.113294623066384,63.80183766474505,0.0,0.0,3,
668,Granit Xhaka,MID,Sunderland,153.0,0.0,2992.0,0.0,14.910114296234172,63.80183766474505,0.0,0.0,3,
61,Leander Dendoncker,MID,Aston Villa,37.0,20.0,897.0,118.0,13.585310328554383,63.80183766474505,0.0,0.0,3,
420,İlkay Gündoğan,MID,Man City,132.0,,2351.0,,12.442436336623723,63.80183766474505,0.0,0.0,4,
23,Fábio Ferreira Vieira,MID,Arsenal,40.0,24.0,500.0,290.0,12.323837495036264,63.80183766474505,0.0,0.0,4,
50,Emiliano Buendía Stati,MID,Aston Villa,117.0,0.0,2404.0,0.0,12.01550440292946,63.80183766474505,0.0,0.0,4,
129,Yehor Yarmoliuk,MID,Brentford,0.0,33.0,0.0,670.0,11.753229346403973,63.80183766474505,0.0,0.0,4,
47,Morgan Rogers,MID,Aston Villa,,35.0,,636.0,11.47647914145015,63.80183766474505,0.0,0.0,4,
200,Jaidon Anthony,MID,Burnley,61.0,3.0,1241.0,151.0,10.822405535619835,63.80183766474505,0.0,0.0,4,
350,Brenden Aaronson,MID,Leeds,83.0,,2365.0,,10.63714929856083,63.80183766474505,0.0,0.0,4,
242,Kiernan Dewsbury-Hall,MID,Everton,82.0,,2305.0,,10.461181628140377,63.80183766474505,0.0,0.0,4,
589,Manor Solomon,MID,Spurs,44.0,14.0,560.0,196.0,9.938281610241003,63.80183766474505,0.0,0.0,4,
124,Jordan Henderson,MID,Brentford,69.0,0.0,2060.0,0.0,9.41136070933454,63.80183766474505,0.0,0.0,4,
325,Emile Smith Rowe,MID,Fulham,18.0,25.0,161.0,343.0,9.353728493161356,63.80183766474505,0.0,0.0,4,
429,Kalvin Phillips,MID,Man City,14.0,10.0,291.0,394.0,8.754570962343635,63.80183766474505,0.0,0.0,4,
211,Aaron Ramsey,MID,Burnley,,18.0,,522.0,8.425823208501328,63.80183766474505,0.0,0.0,4,
27,Reiss Nelson,MID,Arsenal,42.0,16.0,202.0,256.0,8.349319325051658,63.80183766474505,0.0,0.0,4,
240,Christopher Nkunku,MID,Chelsea,,29.0,,437.0,8.056732826175825,63.80183766474505,0.0,0.0,4,
615,Crysencio Summerville,MID,West Ham,74.0,,1411.0,,7.758152765253831,63.80183766474505,0.0,0.0,4,
275,Naouirou Ahamada,MID,Crystal Palace,7.0,16.0,87.0,332.0,7.147490017542905,63.80183766474505,0.0,0.0,4,
491,Sandro Tonali,MID,Newcastle,,16.0,,437.0,7.143047621104983,63.80183766474505,0.0,0.0,4,
214,Mike Trésor Ndayishimiye,MID,Burnley,,20.0,,410.0,7.039383606315505,63.80183766474505,0.0,0.0,4,
351,Wilfried Gnonto,MID,Leeds,55.0,,1346.0,,7.019770626047417,63.80183766474505,0.0,0.0,4,
86,David Brooks,MID,Bournemouth,5.0,23.0,170.0,271.0,7.013227459211383,63.80183766474505,0.0,0.0,4,
452,Amad Diallo,MID,Man Utd,0.0,23.0,0.0,385.0,6.865789828641176,63.80183766474505,0.0,0.0,4,
301,Carlos Alcaraz Durán,MID,Everton,55.0,,1024.0,,5.916640919005819,63.80183766474505,0.0,0.0,4,
424,Oscar Bobb,MID,Man City,,30.0,,294.0,5.794717793323004,63.80183766474505,0.0,0.0,4,
590,Bryan Gil Salvatierra,MID,Spurs,9.0,12.0,146.0,200.0,5.004451316440606,63.80183766474505,0.0,0.0,4,
676,Lesley Ugochukwu,MID,Burnley,,13.0,,296.0,4.972175954411427,63.80183766474505,0.0,0.0,4,
353,Daniel James,MID,Leeds,45.0,,802.0,,4.82162794358269,63.80183766474505,0.0,0.0,4,
328,Ryan Sessegnon,MID,Fulham,35.0,0.0,805.0,0.0,4.6367069271747345,63.80183766474505,0.0,0.0,4,
617,Maxwel Cornet,MID,West Ham,14.0,13.0,232.0,109.0,4.625425748485205,63.80183766474505,0.0,0.0,4,
393,Stefan Bajčetić Maquieira,MID,Liverpool,22.0,1.0,522.0,25.0,4.335741689412809,63.80183766474505,0.0,0.0,4,
93,Hamed Traorè,MID,Bournemouth,14.0,3.0,425.0,44.0,4.324253317793484,63.80183766474505,0.0,0.0,4,
57,Lewis Dobbin,MID,Aston Villa,,18.0,,226.0,4.11243646059781,63.80183766474505,0.0,0.0,4,
647,Gonçalo Manuel Ganchinho Guedes,MID,Wolves,29.0,0.0,703.0,0.0,4.104901129051629,63.80183766474505,0.0,0.0,4,
279,Matheus França de Oliveira,MID,Crystal Palace,,16.0,,224.0,4.000957228341638,63.80183766474505,0.0,0.0,4,
280,David Ozoh,MID,Crystal Palace,1.0,8.0,1.0,148.0,3.831977049661538,63.80183766474505,0.0,0.0,4,
520,Lewis O'Brien,MID,Nott'm Forest,22.0,0.0,578.0,0.0,3.4442137931878345,63.80183766474505,0.0,0.0,4,
355,Sam Greenwood,MID,Leeds,30.0,,410.0,,2.727716657786539,63.80183766474505,0.0,0.0,4,
304,Tim Iroegbunam,MID,Everton,0.0,10.0,0.0,157.0,2.721028992763631,63.80183766474505,0.0,0.0,4,
650,Tawanda Chirewa,MID,Wolves,,8.0,,138.0,2.3628629760368227,63.80183766474505,0.0,0.0,4,
207,Hannibal Mejbri,MID,Burnley,,11.0,,131.0,2.322629883692826,63.80183766474505,0.0,0.0,4,
123,Fábio Freitas Gouveia Carvalho,MID,Brentford,27.0,,339.0,,2.302477476744193,63.80183766474505,0.0,0.0,4,
278,Jesurun Rak-Sakyi,MID,Crystal Palace,0.0,8.0,0.0,132.0,2.2666162278102595,63.80183766474505,0.0,0.0,5,
201,Manuel Benson Hedilazio,MID,Burnley,,8.0,,110.0,1.9090111765993827,63.80183766474505,0.0,0.0,5,
158,Georginio Rutter,MID,Brighton,15.0,,263.0,,1.7570176256573686,63.80183766474505,0.0,0.0,5,
334,Luke Harris,MID,Fulham,3.0,2.0,10.0,74.0,1.4494935433921752,63.80183766474505,0.0,0.0,5,
360,Joe Gelhardt,MID,Leeds,20.0,,201.0,,1.4190703107375153,63.80183766474505,0.0,0.0,5,
171,Jeremy Sarmiento Morante,MID,Brighton,16.0,0.0,168.0,0.0,1.1852781578969804,63.80183766474505,0.0,0.0,5,
653,Joe Hodge,MID,Wolves,5.0,0.0,172.0,0.0,1.1491564946930182,63.80183766474505,0.0,0.0,5,
92,Romain Faivre,MID,Bournemouth,,4.0,,37.0,0.6375660825615899,63.80183766474505,0.0,0.0,5,
620,George Earthy,MID,West Ham,,8.0,,33.0,0.5952431957114852,63.80183766474505,0.0,0.0,5,
166,Yasin Ayari,MID,Brighton,3.0,0.0,65.0,0.0,0.4565889102729389,63.80183766474505,0.0,0.0,5,
391,Ben Doak,MID,Liverpool,2.0,1.0,23.0,13.0,0.39384933966485425,63.80183766474505,0.0,0.0,5,
25,Ethan Nwaneri,MID,Arsenal,1.0,1.0,1.0,13.0,0.2421963964774454,63.80183766474505,0.0,0.0,5,
277,Malcolm Ebiowei,MID,Crystal Palace,3.0,0.0,31.0,0.0,0.2221527812341271,63.80183766474505,0.0,0.0,5,
498,Joe White,MID,Newcastle,,3.0,,12.0,0.20714654169616012,63.80183766474505,0.0,0.0,5,
133,Myles Peart-Harris,MID,Brentford,,3.0,,11.0,0.1899841129706422,63.80183766474505,0.0,0.0,5,
246,Andrey Nascimento dos Santos,MID,Chelsea,0.0,1.0,0.0,7.0,0.11841995404632673,63.80183766474505,0.0,0.0,5,
177,Andrew Moran,MID,Brighton,1.0,,11.0,,0.078991811795793,63.80183766474505,0.0,0.0,5,
394,James McConnell,MID,Liverpool,,3.0,,3.0,0.05203286117959347,63.80183766474505,0.0,0.0,5,
592,Mikey Moore,MID,Spurs,,2.0,,3.0,0.05144579461097632,63.80183766474505,0.0,0.0,5,
361,Darko Gyabi,MID,Leeds,1.0,,7.0,,0.050389158548026794,63.80183766474505,0.0,0.0,5,
652,Enso González Medina,MID,Wolves,,1.0,,1.0,0.016970867373458,63.80183766474505,0.0,0.0,5,
94,Dominic Sadi,MID,Bournemouth,0.0,1.0,0.0,1.0,0.016970867373458,63.80183766474505,0.0,0.0,5,
204,Darko Churlinov,MID,Burnley,,0.0,,0.0,0.0,63.80183766474505,0.0,0.0,5,
396,Trey Nyoni,MID,Liverpool,,0.0,,0.0,0.0,63.80183766474505,0.0,0.0,5,
243,Tyrique George,MID,Chelsea,,0.0,,0.0,0.0,63.80183766474505,0.0,0.0,5,
622,Lewis Orford,MID,West Ham,,0.0,,0.0,0.0,63.80183766474505,0.0,0.0,5,
203,Enock Agyei,MID,Burnley,,0.0,,0.0,0.0,63.80183766474505,0.0,0.0,5,
460,Toby Collyer,MID,Man Utd,,0.0,,0.0,0.0,63.80183766474505,0.0,0.0,5,
63,Kadan Young,MID,Aston Villa,0.0,0.0,0.0,0.0,0.0,63.80183766474505,0.0,0.0,5,
335,Josh King,MID,Fulham,,0.0,,0.0,0.0,63.80183766474505,0.0,0.0,5,
548,Romaine Mundle,MID,Sunderland,0.0,,0.0,,0.0,63.80183766474505,0.0,0.0,5,
495,Isaac Hayden,MID,Newcastle,,0.0,,0.0,0.0,63.80183766474505,0.0,0.0,5,
591,Archie Gray,MID,Spurs,0.0,,0.0,,0.0,63.80183766474505,0.0,0.0,5,
281,Kaden Rodney,MID,Crystal Palace,0.0,0.0,0.0,0.0,0.0,63.80183766474505,0.0,0.0,5,
282,Franco Umeh-Chibueze,MID,Crystal Palace,,0.0,,0.0,0.0,63.80183766474505,0.0,0.0,5,
299,Iliman Ndiaye,MID,Everton,,0.0,,0.0,0.0,63.80183766474505,0.0,0.0,5,
496,Garang Kuol,MID,Newcastle,0.0,0.0,0.0,0.0,0.0,63.80183766474505,0.0,0.0,5,
309,Jenson Metcalfe,MID,Everton,,0.0,,0.0,0.0,63.80183766474505,0.0,0.0,5,
354,Ethan Ampadu,MID,Leeds,0.0,0.0,0.0,0.0,0.0,63.80183766474505,0.0,0.0,5,
131,Yunus Emre Konak,MID,Brentford,,0.0,,0.0,0.0,63.80183766474505,0.0,0.0,5,
333,Martial Godo,MID,Fulham,0.0,,0.0,,0.0,63.80183766474505,0.0,0.0,5,
134,Ryan Trevitt,MID,Brentford,0.0,0.0,0.0,0.0,0.0,63.80183766474505,0.0,0.0,5,
